;MSE;RMSE;MAE;Negative gap;Positive gap;WD
Fold 1;7.404325008392334;2.7210889379791197;2.0765163898468018;-1.9873940217701687;0.08912240144274483;7.1377105712890625
Fold 2;5.7651543617248535;2.4010735852374148;1.8722816705703735;-1.6590022082424405;0.2132795230415515;5.363569736480713
Fold 3;5.528162479400635;2.3512044741792737;1.76188063621521;-1.757360231244366;0.004520441970728726;5.359414100646973
Fold 4;18.14453887939453;4.259640698391653;3.2709741592407227;-3.2418623710363415;0.029111755172038355;17.69467544555664
Mean;9.210545182228088;2.933251923946865;2.245413213968277;-2.161404708073329;0.08400853040676586;8.888842463493347
Std;5.208390705713996;0.7788313892557881;0.6027711614065201;0.6350843824830501;0.08072972399950169;5.135503134556832
